{"cameraMode":{"drawMode":0,"name":"Shaded","section":"Shading Mode"},"sceneLighting":true,"audioPlay":false,"sceneViewState":{"showFog":true,"showMaterialUpdate":false,"showSkybox":false,"showFlares":true,"showImageEffects":true,"showParticleSystems":true},"in2DMode":false,"pivot":{"x":13.7750244140625,"y":-0.026515483856201173,"z":19.346546173095704},"rotation":{"x":-0.20849786698818208,"y":0.7534139156341553,"z":-0.282563716173172,"w":-0.5559287667274475},"size":8.071824073791504,"orthographic":false}